"gyártó"|"cikk"|"felhasználás"|"kiszerelés"
"adama"|"AFALON DISP"|"gyomirtó"|"5L"
"adama"|"AFALON DISP"|"gyomirtó"|"1L"
"adama"|"AGIL"|"gyomirtó"|"5L"
"adama"|"AGIL"|"gyomirtó"|"1L"
"adama"|"BIO-FILM"|"adalékanyag"|"5L"
"adama"|"BIO-FILM"|"adalékanyag"|"1L"
"adama"|"BROMOTRIL"|"gyomirtó"|"5L"
"adama"|"BROMOTRIL R PACK"|"gyomirtó"|"15LBromotril+5LBioFilm"
"adama"|"BULLDOCK"|"rovarölő"|"5L"
"adama"|"BULLDOCK"|"rovarölő"|"1L"
"adama"|"BUMPER"|"gombaölő"|"5L"
"adama"|"BUMPER"|"gombaölő"|"1L"
"adama"|"BUMPER SUPER"|"gombaölő"|"5L"
"adama"|"DIKAMIN"|"gyomirtó"|"g"
"adama"|"DIKAMIN"|"gyomirtó"|"1L"
"adama"|"FOLPAN 80 WDG"|"gombaölő"|"5KG"
"adama"|"FOLPAN 80 WDG"|"gombaölő"|"1KG"
"adama"|"GALIGAN"|"gyomirtó"|"5L"
"adama"|"GALIGAN"|"gyomirtó"|"1L"
"adama"|"GLYPHOGAN CLASSIC"|"gyomirtó"|"20L"
"adama"|"GOLTIX     70 SC"|"gyomirtó"|"5L"
"adama"|"GOLTIX    90 WG"|"gyomirtó"|"5KG"
"adama"|"KOHINOR"|"rovarölő"|"1L"
"adama"|"LEANDER TOP"|"gombaölő"|"5L"
"adama"|"LEGATO TRIO"|"gyomirtó"|"5L"
"adama"|"LEOPARD"|"gyomirtó"|"5L"
"adama"|"LEOPARD"|"gyomirtó"|"1L"
"adama"|"MAVRIK"|"rovarölő"|"5L"
"adama"|"MAVRIK"|"rovarölő"|"1L"
"adama"|"MAVRIK DUO"|"rovarölő"|"5LMavrik+3LSpilan"
"adama"|"MERPAN 80 WDG"|"gombaölő"|"5KG"
"adama"|"MERPAN 80 WDG"|"gombaölő"|"1KG"
"adama"|"MIRADOR FORTE"|"gombaölő"|"5L"
"adama"|"MIRAGE "|"gombaölő"|"5L"
"adama"|"MIRAGE "|"gombaölő"|"1L"
"adama"|"MISTRAL"|"gyomirtó"|"1L"
"adama"|"NIMRÓD"|"gombaölő"|"1L"
"adama"|"NORDOX"|"gombaölő"|"10KG"
"adama"|"NORDOX"|"gombaölő"|"5KG"
"adama"|"NORDOX"|"gombaölő"|"1KG"
"adama"|"OPTIMUS"|"növekedésszabályozó"|"5L"
"adama"|"ORIUS"|"csávázószer"|"5L"
"adama"|"ORIUS"|"csávázószer"|"1L"
"adama"|"PENDIGAN 330 EC"|"gyomirtó"|"5L"
"adama"|"PYRINEX     48 EC"|"rovarölő"|"5L"
"adama"|"PYRINEX 25 CS"|"rovarölő"|"5L"
"adama"|"PYRINEX 25 CS"|"rovarölő"|"1L"
"adama"|"PYRINEX SUPREME"|"rovarölő"|"5L"
"adama"|"QUANTUM MZ"|"gombaölő"|"1KG"
"adama"|"RACER"|"gyomirtó"|"5L"
"adama"|"RACER"|"gyomirtó"|"1L"
"adama"|"SHAVIT F"|"gombaölő"|"5KG"
"adama"|"SHAVIT F"|"gombaölő"|"1KG"
"adama"|"SULCOGAN"|"gyomirtó"|"5L"
"adama"|"SULTAN 50 SC"|"gyomirtó"|"5L"
"adama"|"SULTAN SALSA DUO"|"gyomirtó"|"20Sultan+0,2Salsa+2Ternd"
"adama"|"SULTAN TOP"|"gyomirtó"|"5L"
"adama"|"TOMIGAN"|"gyomirtó"|"1L"
"adama"|"TREK P"|"gyomirtó"|"5L"
"adama"|"VINCARE"|"gombaölő"|"5L"
"adama"|"ZAMIR"|"gombaölő"|"5L"
"arysta"|"AD CONTACT"|"segédanyag"|"1 L"
"arysta"|"AD CONTACT"|"segédanyag"|"5 L"
"arysta"|"AGROPON"|"adalékanyag"|"5 L"
"arysta"|"ANTIFOAM"|"segédanyag"|"1 L"
"arysta"|"APACS"|"rovarölő"|"3 GR    FT/DB"
"arysta"|"APACS"|"rovarölő"|"50GR    FT/DB"
"arysta"|"APACS"|"rovarölő"|"0,500 KG   FT/DB"
"arysta"|"APHOX 50 WG"|"rovarölő"|"1 KG"
"arysta"|"ATONIK"|"növekedésszabályozó"|"0,250 L     FT/DB"
"arysta"|"ATONIK"|"növekedésszabályozó"|"1 L"
"arysta"|"ATONIK"|"növekedésszabályozó"|"5 L"
"arysta"|"ATONIK"|"növekedésszabályozó"|"20 L"
"arysta"|"BASAMID"|"talajfertőtlenítő"|"5 KG"
"arysta"|"BASAMID"|"talajfertőtlenítő"|"20 KG"
"arysta"|"BEETUP COMPACT"|"gyomirtó"|"5 L"
"arysta"|"BEETUP TRIO"|"gyomirtó"|"5 L"
"arysta"|"BETASANA SC"|"gyomirtó"|"5 L"
"arysta"|"CARPOVIRUSINE"|"rovarölő"|"1 L"
"arysta"|"CATANE"|"rovarölő"|"1 L"
"arysta"|"CATANE"|"rovarölő"|"10 L"
"arysta"|"CATANE"|"rovarölő"|"50 L"
"arysta"|"CLIOPHAR "|"gyomirtó"|"1 L"
"arysta"|"CLIOPHAR "|"gyomirtó"|"5 L"
"arysta"|"COPERNICO HI BIO "|"gombaölő"|"1 KG"
"arysta"|"COPERNICO HI BIO "|"gombaölő"|"5 KG"
"arysta"|"CYPERKILL"|"rovarölő"|"50 ML     FT/DB"
"arysta"|"CYPERKILL"|"rovarölő"|"0,200 L     FT/DB"
"arysta"|"CYPERKILL"|"rovarölő"|"1 L"
"arysta"|"CYPERKILL"|"rovarölő"|"5 L"
"arysta"|"CYPERKILL MAX"|"rovarölő"|"1 L"
"arysta"|"DICOPHAR"|"gyomirtó"|"0,100 L     FT/DB"
"arysta"|"DICOPHAR"|"gyomirtó"|"0,500 L    FT/DB"
"arysta"|"DIFCOR"|"gombaölő"|"1 L"
"arysta"|"DIFCOR"|"gombaölő"|"5 L"
"arysta"|"DIMILIN 25 WP"|"rovarölő"|"0,500 KG   FT/DB"
"arysta"|"DIMILIN 25 WP"|"rovarölő"|"5 KG"
"arysta"|"ELASTIQ ULTRA"|"segédanyag"|"5 L"
"arysta"|"EMERALD STAR"|"gombaölő"|"5 L"
"arysta"|"ETNA 45 WG"|"gombaölő"|"1 KG"
"arysta"|"FAZOR"|"csírázásgátló"|"4 KG"
"arysta"|"FLORAMITE"|"atkaölő"|"0,250 L     FT/DB"
"arysta"|"FLORAMITE"|"atkaölő"|"1 L"
"arysta"|"FLUROSTAR"|"gyomirtó"|"1 L"
"arysta"|"FLUROSTAR"|"gyomirtó"|"5 L"
"arysta"|"FUNGURAN OH"|"gombaölő"|"20GR*10=0,200KG  FT/ DOBOZ"
"arysta"|"FUNGURAN OH"|"gombaölő"|"1KG"
"arysta"|"FUNGURAN OH"|"gombaölő"|"10KG"
"arysta"|"GIBB PLUS"|"növekedésszabályozó"|"1 L"
"arysta"|"GLOBARYLL 100"|"növekedésszabályozó"|"1L"
"arysta"|"GRAFFITI 80 WG"|"gombaölő"|"5 KG"
"arysta"|"KAPAZIN"|"gyomirtó"|"0,200 L     FT/DB"
"arysta"|"KAPAZIN"|"gyomirtó"|"1 L"
"arysta"|"KAPAZIN"|"gyomirtó"|"5 L"
"arysta"|"KAPAZIN"|"gyomirtó"|"20 L"
"arysta"|"KAPAZIN"|"gyomirtó"|"1000 L"
"arysta"|"MANZATE 75 DF"|"gombaölő"|"10 KG"
"arysta"|"MARKATE "|"rovarölő"|"1 L"
"arysta"|"MATIZ"|"gombaölő"|"1 L"
"arysta"|"MATIZ"|"gombaölő"|"5 L"
"arysta"|"MATRERO 600 FS"|"csávázószer"|"5 L"
"arysta"|"MELIUS"|"adalékanyag"|"10 L"
"arysta"|"MOXA"|"növekedésszabályozó"|"5 L"
"arysta"|"MYCOSTAR 500 SC"|"gombaölő"|"5 L"
"arysta"|"NARVAL "|"gyomirtó"|"5 L"
"arysta"|"NECATOR PLUS"|"gombaölő"|"25 KG"
"arysta"|"NONIT"|"nedvesítőszer"|"0,150 L     FT/DB"
"arysta"|"NONIT"|"nedvesítőszer"|"0,5 L      FT/DB"
"arysta"|"NONIT"|"nedvesítőszer"|"5 KG"
"arysta"|"ORTHOCID 80 WDG"|"gombaölő"|"5 KG"
"arysta"|"PANTERA"|"gyomirtó"|"1 L"
"arysta"|"PANTERA"|"gyomirtó"|"5 L"
"arysta"|"PYCLOREX NEO"|"rovarölő"|"5 L"
"arysta"|"PYRUS 400 SC"|"gombaölő"|"1 L"
"arysta"|"PYRUS 400 SC"|"gombaölő"|"5 L"
"arysta"|"RANCONA 15 ME"|"csávázószer"|"20 L"
"arysta"|"RANCONA I-MIX"|"csávázószer"|"5 L"
"arysta"|"ROYALFLO 480 ORANGE"|"csávázószer"|"1000 L"
"arysta"|"ROYALFLO 480 RED"|"csávázószer"|"1000 L"
"arysta"|"SAFRAN"|"rovarölő"|"1 L"
"arysta"|"SAFRAN"|"rovarölő"|"5 L"
"arysta"|"SANMITE 10 SC"|"atka- és rovarölő"|"1 L"
"arysta"|"SIGNAL "|"csávázószer"|"20 L"
"arysta"|"SILWET STAR"|"tapadásfokozó"|"1 L"
"arysta"|"SOLARIS"|"gyomirtó"|"5 L"
"arysta"|"SOLARIS"|"gyomirtó"|"20 L"
"arysta"|"SUNFLEX "|"gyomirtó"|"10 L"
"arysta"|"SYLLIT "|"gombaölő"|"1 L"
"arysta"|"SYLLIT "|"gombaölő"|"5 L"
"arysta"|"TARGA SUPER"|"gyomirtó"|"0,100L    FT/DB"
"arysta"|"TARGA SUPER"|"gyomirtó"|"1 L"
"arysta"|"TARGA SUPER"|"gyomirtó"|"5 L"
"arysta"|"TROY"|"gyomirtó"|"5 L"
"arysta"|"VIKING 700 SC"|"gyomirtó"|"5 L"
"arysta"|"VITAVAX"|"csávázószer"|"20 L"
"arysta"|"VITAVAX"|"csávázószer"|"1000 L"
"arysta"|"X-CHANGE"|"adalékanyag"|"5 L"
"BASF"|"ACROBAT MZ"|"gombaölő"|"10 KG"
"BASF"|"ACROBAT MZ"|"gombaölő"|"1 KG"
"BASF"|"AKRIS"|"gyomirtó"|"10 L"
"BASF"|"BASAGRAN"|"gyomirtó"|"10 L"
"BASF"|"BELLIS"|"gombaölő"|"1 KG"
"BASF"|"BIATLON 4D KOMBICSOMAG"|"gyomirtó"|"0,5KG+10 L DASH"
"BASF"|"BUTISAN COMPLETE"|"gyomirtó"|"5 L"
"BASF"|"CABRIO TOP"|"gombaölő"|"1 KG"
"BASF"|"Callam                          CS"|"gyomirtó"|"8 kg"
"BASF"|"CANTUS"|"gombaölő"|"1 KG"
"BASF"|"CARAMBA TURBO"|"gombaölő"|"5 L"
"BASF"|"CLERATOP + DASH "|"gyomirtó"|"10 L +5 L DASH"
"BASF"|"COLLIS"|"gombaölő"|"1 L"
"BASF"|"CYCCOCEL 750 "|"regulátor"|"10 L"
"BASF"|"DASH "|"adalékanyag"|"5 L , 1 L"
"BASF"|"DASH                             CS"|"adalékanyag"|"20 L"
"BASF"|"DASH                             CS"|"adalékanyag"|"20 L"
"BASF"|"DELAN 700 WG"|"gombaölő"|"10 KG"
"BASF"|"DELAN 700 WG          CS"|"gombaölő"|"10 KG"
"BASF"|"DELAN PRO"|"gombaölő"|"5 L"
"BASF"|"ENERVIN"|"gombaölő"|"5 KG"
"BASF"|"FABAN"|"gombaölő"|"1 L "
"BASF"|"FLIRT"|"gyomirtó"|"5 L"
"BASF"|"FOCUS ULTRA             CS"|"gyomirtó"|"40 L"
"BASF"|"FORUM R"|"gombaölő"|"10 KG"
"BASF"|"INOVIS"|"gombaölő"|"5 L"
"BASF"|"JUWEL"|"gombaölő"|"5 L"
"BASF"|"KUMULUS"|"gombaölő"|"25 KG "
"BASF"|"KUMULUS S                 CS"|"gombaölő"|"100 KG"
"BASF"|"KUMULUS S                 CS"|"gombaölő"|"100 KG"
"BASF"|"MEDAX TOP"|"növekedésszabályozó"|"5 L"
"BASF"|"OPERA NEW"|"gombaölő"|"5 L"
"BASF"|"ORVEGO"|"gombaölő"|"1 L"
"BASF"|"OSIRIS"|"gombaölő"|"5 L"
"BASF"|"PICTOR"|"gombaölő"|"1 L ,  5 L "
"BASF"|"POLYRAM                     CS"|"gombaölő"|"50 KG"
"BASF"|"POLYRAM DF"|"gombaölő"|"10 KG"
"BASF"|"PRIAXOR"|"gombaölő"|"5 L"
"BASF"|"PULSAR  "|"gyomirtó"|"5 L"
"BASF"|"PULSAR PLUS"|"gyomirtó"|"10 L"
"BASF"|"PYRAMIN TURBO"|"gyomirtó"|"5 L"
"BASF"|"REGALIS PLUS"|"növekedésszabályozó"|"1,5   KG"
"BASF"|"RETENGO PLUS"|"gombaölő"|"5L"
"BASF"|"ROVRAL AQUAFLOW"|"gombaölő"|"1 L"
"BASF"|"SCALA"|"gombaölő"|"5 L"
"BASF"|"SERCADIS"|"gombaölő"|"1 L"
"BASF"|"SIGNUM"|"gombaölő"|"0,5 KG,   5 KG"
"BASF"|"SPECTRUM"|"gyomirtó"|"5 L"
"BASF"|"SYSTIVA"|"csávázószer"|"10 L"
"BASF"|"TANGO STAR"|"gombaölő"|"5 L "
"BASF"|"VIVANDO"|"gombaölő"|"1 L"
"BASF"|"WING-P"|"gyomirtó"|"10 L"
"bayer"|"ADENGO"|"gyomirtó"|"5 L"
"bayer"|"ADENGO"|"gyomirtó"|"1 L"
"bayer"|"ALIETTE"|"gombaölő"|"6 KG"
"bayer"|"ALSYSTIN"|"rovarölő"|"1 L"
"bayer"|"ANTRACOL"|"gombaölő"|"6 KG"
"bayer"|"ATLANTIS"|"gyomirtó"|"5 L"
"bayer"|"BETANAL EXPERT"|"gyomirtó"|"5L"
"bayer"|"BETANAL max PRO"|"gyomirtó"|"5L"
"bayer"|"BISCAYA"|"rovarölő"|"3L"
"bayer"|"CALYPSO"|"rovarölő"|"1L"
"bayer"|"CAPRENO     csomag"|"gyomirtó"|"3LCapreno+20LMero"
"bayer"|"CERONE"|"növekedésszabályozó"|"5L"
"bayer"|"CONFIDOR "|"rovarölő"|"1L"
"bayer"|"DECIS MEGA"|"rovarölő"|"1L"
"bayer"|"DICOPUR TOP"|"gyomirtó"|"5L"
"bayer"|"ENVIDOR"|"atka- és rovarölő"|"1L"
"bayer"|"ETHREL"|"növekedésszabályozó"|"1L"
"bayer"|"EXPERT MET"|"gyomirtó"|"700GR     FT/DB"
"bayer"|"FALCON 460 EC"|"gombaölő"|"1 L"
"bayer"|"FALCON PRO"|"gombaölő"|"5 L"
"bayer"|"FINALE"|"gyomirtó"|"15 L"
"bayer"|"FINALE"|"gyomirtó"|"5L"
"bayer"|"FINALE"|"gyomirtó"|"1 L"
"bayer"|"FLINT MAX"|"gombaölő"|"750GR      FT/DB"
"bayer"|"FOLICUR SOLO"|"gombaölő"|"5L"
"bayer"|"FOLICUR SOLO"|"gombaölő"|"1L"
"bayer"|"FOLICUR SOLO"|"gombaölő"|"0,250L      FT/DB"
"bayer"|"FOLICUR SOLO"|"gombaölő"|"0,050L     FT/DB"
"bayer"|"GALLANT SUPER"|"gyomirtó"|"5 L"
"bayer"|"HUSZÁR AKTÍV csomag"|"gyomirtó"|"10L HuszárAk+1L DecisMega"
"bayer"|"INFINITO"|"gombaölő"|"5 L"
"bayer"|"INFINITO"|"gombaölő"|"1 L"
"bayer"|"LAMFIX SO"|"segédanyag"|"10 L"
"bayer"|"LAUDIS"|"gyomirtó"|"5L"
"bayer"|"LUNA EXPERIENCE"|"gombaölő"|"1 L"
"bayer"|"LUNA PRIVILEG"|"gombaölő"|"1L"
"bayer"|"MELODY COMPACT"|"gombaölő"|"6 KG"
"bayer"|"MERO"|"segédanyag"|"5L"
"bayer"|"MONCEREN"|"csávázószer"|"5L"
"bayer"|"MONSOON ACTIVE"|"gyomirtó"|"5L"
"bayer"|"MONSOON ACTIVE"|"gyomirtó"|"1L"
"bayer"|"MONSOON OD"|"gyomirtó"|"5L"
"bayer"|"MONSOON OD"|"gyomirtó"|"1L"
"bayer"|"MOVENTO "|"rovarölő"|"1L"
"bayer"|"PREVICUR  ENERGY"|"gombaölő"|"1L"
"bayer"|"PROFILER"|"gombaölő"|"6KG"
"bayer"|"PROPULSE"|"gombaölő"|"5L"
"bayer"|"PROSARO"|"gombaölő"|"5L"
"bayer"|"PROTEUS"|"rovarölő"|"3L"
"bayer"|"PUMA EXTRA"|"gyomirtó"|"5L"
"bayer"|"SEKATOR OD"|"gyomirtó"|"1L"
"bayer"|"SENCOR "|"gyomirtó"|"5L"
"bayer"|"SENCOR "|"gyomirtó"|"1L"
"bayer"|"SFERA"|"gombaölő"|"5L"
"bayer"|"TELDOR"|"gombaölő"|"1L"
"bayer"|"TILMOR"|"gombaölő"|"5L"
"bayer"|"TROPOTOX"|"gyomirtó"|"10L"
"bayer"|"YUNTA QUATTRO"|"csávázószer"|"5L"
"bayer"|"ZANTARA"|"gombaölő"|"5L"
"belchim"|"AXIDOR"|"gombaölő"|"5 L"
"belchim"|"CHIKARA DUA"|"gyomirtó"|"1 KG"
"belchim"|"CHIKARA DUA"|"gyomirtó"|"3 KG"
"belchim"|"CYMBAL "|"gombaölő"|"1KG"
"belchim"|"CYMBAL "|"gombaölő"|"0,250KG     FT/KG"
"belchim"|"ERIBEA"|"rovarölő"|"1 L"
"belchim"|"FIGARO 360"|"gyomirtó"|"20 L"
"belchim"|"KATANA"|"gyomirtó"|"0,050KG   FT/KG"
"belchim"|"KATANA"|"gyomirtó"|"0,200KG     FT/KG"
"belchim"|"KATANA"|"gyomirtó"|"1 KG"
"belchim"|"KUSABI"|"gombaölő"|"1 L"
"belchim"|"LENTAGRAN WP"|"gyomirtó"|"1 KG"
"belchim"|"LENTAGRAN WP"|"gyomirtó"|"1 KG"
"belchim"|"LINGO "|"gyomirtó"|"5 L"
"belchim"|"LINGO "|"gyomirtó"|"5L"
"belchim"|"METRIC"|"gyomirtó"|"5L"
"belchim"|"MILDICUT"|"gombaölő"|"1L"
"belchim"|"MILDICUT"|"gombaölő"|"10 L"
"belchim"|"MONTAFLOW"|"gombaölő"|"1L"
"belchim"|"MONTAFLOW"|"gombaölő"|"10L"
"belchim"|"NUFLON"|"gyomirtó"|"5L"
"belchim"|"PEGASO F"|"gombaölő"|"1KG"
"belchim"|"PEGASO F"|"gombaölő"|"5KG"
"belchim"|"PROFILUX"|"gombaölő"|"1KG"
"belchim"|"PROFILUX"|"gombaölő"|"10KG"
"belchim"|"PROMAN"|"gyomirtó"|"1L"
"belchim"|"PROPERTY"|"gombaölő"|"1L"
"belchim"|"PROPERTY"|"gombaölő"|"5L"
"belchim"|"RANMAN TOP"|"gombaölő"|"0,5L    FT/L"
"belchim"|"RANMAN TOP"|"gombaölő"|"1L"
"belchim"|"RANMAN TOP"|"gombaölő"|"5L"
"belchim"|"RAPSAN 400"|"gyomirtó"|"5L"
"belchim"|"RAPSAN PLUS"|"gyomirtó"|"5L"
"belchim"|"SAMSOM 4 SC"|"gyomirtó"|"1L"
"belchim"|"SAMSON 4 SC"|"gyomirtó"|"5L"
"belchim"|"SAMSON EXTRA 6 OD"|"gyomirtó"|"1L"
"belchim"|"SAMSON EXTRA 6 OD"|"gyomirtó"|"5L"
"belchim"|"SOLOFOL"|"gombaölő"|"10KG"
"belchim"|"SOLOFOL"|"gombaölő"|"5KG"
"belchim"|"TEMSA"|"gyomirtó"|"5L"
"belchim"|"TEPPEKI"|"rovarölő"|"140GR     FT/KG"
"belchim"|"TEPPEKI"|"rovarölő"|"500GR    FT/KG"
"belchim"|"TEPPEKI"|"rovarölő"|"2KG    FT/KG"
"belchim"|"TESON"|"gombaölő"|"1L"
"belchim"|"TESON"|"gombaölő"|"5L"
"belchim"|"TIPO SOLO"|"segédanyag"|"5L"
"belchim"|"TRIDUS"|"növekedésszabályozó"|"5L"
"belchim"|"VALIS M"|"gombaölő"|"1 KG"
"belchim"|"VALIS M"|"gombaölő"|"5 KG"
"bvn"|"VEGAREP "|"növényápoló"|"1L"
"bvn"|"VEGAREP "|"növényápoló"|"5L"
"bvn"|"VEGAREP "|"növényápoló"|"20L"
"chemark"|"ADMIRAL 10 EC"|"rovarölő"|"0,200 L   FT/DB"
"chemark"|"AMISTAR"|"gombaölő"|"0,010 L  FT/DB"
"chemark"|"BASAMID G"|"talajfertőtlenítő"|"0,600KG  FT/DB"
"chemark"|"BRAVO 500 SC"|"gombaölő"|"0,200  FT/DB"
"chemark"|"CHORUS 50 WG"|"gombaölő"|"0,0045KG  FT/DB"
"chemark"|"CHORUS 50 WG"|"gombaölő"|"0,025KG  FT/DB"
"chemark"|"DIMILIN 25 WP"|"rovarölő"|"0,010KG  FT/DB"
"chemark"|"DIPEL DF"|"rovarölő"|"0,020KG  FT/DB"
"chemark"|"DUAL GOLD"|"gyomirtó"|"0,200L  FT/DB"
"chemark"|"KARATE 2,5 WG"|"rovarölő"|"0,005  FT/DB"
"chemark"|"KARATE 2,5 WG"|"rovarölő"|"0,050KG  FT/DB"
"chemark"|"KARATE 2,5 WG"|"rovarölő"|"0,200 KG  FT/DB"
"chemark"|"MEDALLON PREMIUM"|"gyomirtó"|"0,200 L   FT/DB"
"chemark"|"PANTERA"|"gyomirtó"|"0,250L  FT/DB"
"chemark"|"PIRIMOR 50 WG"|"rovarölő"|"0,010KG  FT/DB"
"chemark"|"PIRIMOR 50 WG"|"rovarölő"|"0,200KG  FT/DB"
"chemark"|"QUADRIS"|"gombaölő"|"0,010L  FT/DB"
"chemark"|"RIDOMIL GOLD PLUS"|"gombaölő"|"0,040KG  FT/DB"
"chemark"|"SCORE"|"gombaölő"|"0,0025L  FT/DB"
"chemark"|"SILWET STAR"|"tapadásfokozó"|"0,100L  FT/DB"
"chemark"|"SUMI-ALFA 5 EC"|"rovarölő"|"0,250 L  FT/DB"
"chemark"|"THIOVIT JET"|"gombaölő"|"0,030 KG  FT/DB"
"chemark"|"THIOVIT JET"|"gombaölő"|"0,250 KG   FT/DB"
"chemark"|"TOPAS 100 EC"|"gombaölő"|"0,0025L  FT/DB"
"chemark"|"VERTIMEC PRO "|"rovarölő"|"0,0050 L  FT/DB"
"corax"|"BIOSOL EXTRA SZÓRÓFEJES"|"növényápoló"|"0,5 L  FT/DB"
"corax"|"BIOSOL KÁLISZAPPAN"|"növényápoló"|"0,5 L  FT/DB"
"corax"|"BIOSOL KÁLISZAPPAN"|"növényápoló"|"1 L"
"corax"|"BIOSOL KÁLISZAPPAN"|"növényápoló"|"5 L"
"corax"|"BIOSOL KÁLISZAPPAN"|"növényápoló"|"20 L"
"corax"|"BIOSOL KÁLISZAPPAN"|"növényápoló"|"1000 L"
"corax"|"BIOSOL VADRIASZTÓ"|"vadkárcsökkentő"|"0,5 L  FT/DB"
"corax"|"BIOSOL VADRIASZTÓ"|"vadkárcsökkentő"|"1 L"
"corax"|"BIOSOL VADRIASZTÓ"|"vadkárcsökkentő"|"5 L"
"corax"|"BIOSOL VADRIASZTÓ"|"vadkárcsökkentő"|"20 L"
"corax"|"BIOSOL VADRIASZTÓ"|"vadkárcsökkentő"|"1000 L"
"corax"|"NEVIKÉN"|"olajos lemosó"|"0,250 L  FT/DB"
"corax"|"NEVIKÉN"|"olajos lemosó"|"0,5 L  FT/DB"
"corax"|"NEVIKÉN"|"olajos lemosó"|"1 L"
"corax"|"NEVIKÉN"|"olajos lemosó"|"5 L"
"corax"|"NEVIKÉN"|"olajos lemosó"|"20 L"
"corax"|"NEVIKÉN"|"olajos lemosó"|"1000 L"
"corax"|"NEVIKÉN EXTRA"|"rovar- és gombaölő"|"0,25 L  FT/DB"
"corax"|"NEVIKÉN EXTRA"|"rovar- és gombaölő"|"0,5 L  FT/DB"
"corax"|"NEVIKÉN EXTRA"|"rovar- és gombaölő"|"1 L"
"corax"|"NEVIKÉN EXTRA"|"rovar- és gombaölő"|"5 L"
"corax"|"NEVIKÉN EXTRA"|"rovar- és gombaölő"|"20 L"
"corax"|"NEVIKÉN EXTRA"|"rovar- és gombaölő"|"1000 L"
"corax"|"VEKTAFID   A  "|"rovarölő"|"0,250 L  FT/DB"
"corax"|"VEKTAFID   A  "|"rovarölő"|"0,5 L  FT/DB"
"corax"|"VEKTAFID   A  "|"rovarölő"|"5 L"
"corax"|"VEKTAFID   A  "|"rovarölő"|"20 L"
"corax"|"VEKTAFID   A  "|"rovarölő"|"1000 L"
"corax"|"VEKTAFID  A"|"rovarölő"|"1 L"
"corax"|"VEKTAFID  R"|"rovar- és gombaölő"|"0,250 L  FT/DB"
"corax"|"VEKTAFID  R"|"rovar- és gombaölő"|"0,5 L  FT/DB"
"corax"|"VEKTAFID  R"|"rovar- és gombaölő"|"1 L"
"corax"|"VEKTAFID  R"|"rovar- és gombaölő"|"20L"
"corax"|"VEKTAFID  R"|"rovar- és gombaölő"|"1000 L"
"corax"|"VEKTAFID  R "|"rovar- és gombaölő"|"5L"
"corax"|"VEKTAFID A/E SZÓRÓFEJES"|"rovarölő"|"0,5 L  FT/DB"
"dow"|"COLOMBUS"|"gyomirtó"|"1 L"
"dow"|"COLOMBUS"|"gyomirtó"|"5 L"
"dow"|"DELARO"|"gombaölő"|"5L"
"dow"|"DITHANE  NEO TECH"|"gombaölő"|"10KG"
"dow"|"DITHANE M 45"|"gombaölő"|"5KG"
"dow"|"DITHANE M 45"|"gombaölő"|"25 KG"
"dow"|"DMA 6"|"gyomirtó"|"5L"
"dow"|"ESTERON"|"gyomirtó"|"5L"
"dow"|"GALERA"|"gyomirtó"|"1L"
"dow"|"GALERA"|"gyomirtó"|"5L"
"dow"|"GOAL DUPLO"|"gyomirtó"|"3L"
"dow"|"IKARUS"|"gyomirtó"|"1L"
"dow"|"IKARUS"|"gyomirtó"|"5L"
"dow"|"KARATHANE STAR"|"gombaölő"|"1L"
"dow"|"KARATHANE STAR"|"gombaölő"|"5L"
"dow"|"LASER"|"rovarölő"|"1L"
"dow"|"LONTREL"|"gyomirtó"|"1L"
"dow"|"LONTREL"|"gyomirtó"|"5L"
"dow"|"LONTREL 72 SG"|"gyomirtó"|"0,150KG       FT/KG"
"dow"|"MEGYSTO"|"gombaölő"|"5L"
"dow"|"MUSTANG"|"gyomirtó"|"5L"
"dow"|"MUSTANG"|"gyomirtó"|"1L"
"dow"|"MUSTANG FORTE"|"gyomirtó"|"5L"
"dow"|"NURELLE D"|"rovarölő"|"1L"
"dow"|"NURELLE D"|"rovarölő"|"5L"
"dow"|"PERENAL"|"gyomirtó"|"1L"
"dow"|"PERENAL"|"gyomirtó"|"5L"
"dow"|"RALLY Q"|"gombaölő"|"1L"
"dow"|"RELDAN"|"rovarölő"|"1L"
"dow"|"RELDAN"|"rovarölő"|"5L"
"dow"|"RUNNER"|"rovarölő"|"1L"
"dow"|"SPIN TOR"|"rovarölő"|"0,100 L     FT/L"
"dow"|"STARANE  FORTE"|"gyomirtó"|"5L"
"dow"|"SYSTHANE"|"gombaölő"|"1L"
"dupont"|"ACANTO 250 SC"|"gombaölő"|"5 L"
"dupont"|"ACANTO PLUS"|"gombaölő"|"5 L"
"dupont"|"ACANTO SUN"|"gombaölő"|"15 Acanto+4kgTanos"
"dupont"|"ALLY MAX"|"gyomirtó"|"100 G+ 1 L Trend   FT/KG"
"dupont"|"AVAUNT"|"rovarölő"|"1 L"
"dupont"|"AVAUNT"|"rovarölő"|"5 L"
"dupont"|"CORAGEN"|"rovarölő"|"0,200 L        FT/DB"
"dupont"|"CORAGEN"|"rovarölő"|"1 L"
"dupont"|"CORAGEN"|"rovarölő"|"5 L"
"dupont"|"CURZATE F"|"gombaölő"|"5 L"
"dupont"|"CURZATE SUPER"|"gombaölő"|"5 KG"
"dupont"|"EXPRESS 50 SX"|"gyomirtó"|"112,5KG+1L Trend  FT/DB"
"dupont"|"FONTELIS"|"gombaölő"|"1 L"
"dupont"|"GRANSTAR 50 SX"|"gyomirtó"|"0,100 KG+ 1 L Trend  FT/KG"
"dupont"|"GRANSTAR SUPER"|"gyomirtó"|"0,240 KG +1 L Trend FT/DB"
"dupont"|"GRANSTAR SUPERSTAR"|"gyomirtó"|"(150G+0,9L)+1LTrend FT/DB"
"dupont"|"GRANSTAR SUPERSTAR NEW"|"gyomirtó"|"(200G+1L)+1L Trend FT/DB"
"dupont"|"GULLIVER "|"gyomirtó"|"1 KG"
"dupont"|"LANNATE"|"rovarölő"|"5 L"
"dupont"|"POINTER STAR"|"gyomirtó"|"(84g+0,9L)+1L   Trend  FT/DB"
"dupont"|"POINTER STAR NEW"|"gyomirtó"|"(112G+1 L)+1 L Trend  FT/DB"
"dupont"|"REFINE 50 SX"|"gyomirtó"|"0,100kg+1LTrend   FT/KG"
"dupont"|"SAFARI "|"gyomirtó"|"0,120kg+0,5LTrend   FT/DB"
"dupont"|"SALSA 75 DF"|"gyomirtó"|"100G+1L Trend   FT/KG"
"dupont"|"STEWARD "|"rovarölő"|"170G    FT/DB"
"dupont"|"STEWARD "|"rovarölő"|"510 GR     FT/DB"
"dupont"|"TALENDO EXTRA"|"gombaölő"|"1 L"
"dupont"|"TANOS"|"gombaölő"|"400 GR    FT/DB"
"dupont"|"TANOS"|"gombaölő"|"2 KG "
"dupont"|"TITUS 25 DF"|"gyomirtó"|"100G+1L Trend  FT/KG"
"dupont"|"TREND"|"segédanyag"|"0,500 L       FT/L"
"dupont"|"TREND"|"segédanyag"|"1 L "
"dupont"|"VICTUS OD "|"gyomirtó"|"5 L"
"dupont"|"VYDATE 10 G"|"talajfertőtlenítő"|"10 KG"
"dupont"|"VYDATE 10 L"|"talajfertőtlenítő"|"5 L"
"dupont"|"WIRTUOZ "|"gombaölő"|"5 L"
"FMC"|"ACCURATE 200 WG"|"gyomirtó"|"0,100kg+2,5LFortuna   FT/KG"
"FMC"|"AGRICHEM BENTAZON"|"gyomirtó"|"5 L"
"FMC"|"AURÓRA WG"|"gyomirtó"|"0,100KG   FT/KG"
"FMC"|"AZAKA"|"gombaölő"|"5 L"
"FMC"|"BORDOILÉ + KÉN NEO SC"|"gombaölő"|"20 L"
"FMC"|"BORDOILÉ NEO SC"|"gombaölő"|"20 L"
"FMC"|"BUTOXON M- 40 "|"gyomirtó"|"5 L"
"FMC"|"CALIBAN"|"gyomirtó"|"1kg+2,5L Fortuna"
"FMC"|"CYREN"|"rovarölő"|"5 L"
"FMC"|"DANADIM PROGRESS"|"rovarölő"|"5 L"
"FMC"|"FOXTROT"|"gyomirtó"|"5 L"
"FMC"|"GALBEN M"|"gombaölő"|"20 KG"
"FMC"|"GLYFOS DAKAR"|"gyomirtó"|"10 KG"
"FMC"|"KENTAUR 5 G"|"talajfertőtlenítő"|"25 KG"
"FMC"|"MISSION "|"gyomirtó"|"5 L"
"FMC"|"NERO"|"gyomirtó"|"10 L"
"FMC"|"NIC-IT"|"gyomirtó"|"1 L+2,5L Fortuna"
"FMC"|"NUANCE 750 WG"|"gyomirtó"|"0,100kg+2,5LFortuna   FT/KG"
"FMC"|"NUANCE STAR"|"gyomirtó"|"0,2KgNuance+5LHurler+5LSupsp"
"FMC"|"NUANCE SUPER"|"gyomirtó"|"0,500KG+2,5L Fortuna  FT/KG"
"FMC"|"OLAJOS RÉZKÉN"|"lemosó"|"20 L"
"FMC"|"PYRANICA 20 WP"|"atka- és rovarölő"|"1 KG"
"FMC"|"REACTOR 360 CS"|"gyomirtó"|"1 L"
"FMC"|"RIZA 250 EW"|"gombaölő"|"5L"
"FMC"|"RUBRIC"|"gombaölő"|"5 L"
"FMC"|"SARACEN DELTA"|"gyomirtó"|"0,500 L "
"FMC"|"SARACEN PACK"|"gyomirtó"|"0,2kgNuanceSup+0,5LSaracen"
"FMC"|"SUCCESSOR 600"|"gyomirtó"|"5 L"
"FMC"|"SUCCESSOR T"|"gyomirtó"|"5 L"
"FMC"|"SUPERSPRAY"|"segédanyag"|"1 L"
"FMC"|"WARRANT 200 SL"|"rovarölő"|"1 L"
"kwizda"|"ALLIANCE 660 WG"|"gyomirtó"|"800 GR    FT/DB"
"kwizda"|"ATHOS"|"gyomirtó"|"133 GR        FT/DB"
"kwizda"|"AURORA FULL         "|"gyomirtó"|"1KGAuróra+10LOverdose"
"kwizda"|"BELEM 0,8 MG"|"talajfertőtlenítő"|"12 KG"
"kwizda"|"BETOXON F 430 "|"gyomirtó"|"5 L"
"kwizda"|"BOOM EFEKT"|"gyomirtó"|"20 L"
"kwizda"|"BOOM EFEKT"|"gyomirtó"|"0,200 L      FT/DB"
"kwizda"|"BUTISAN 400 SC"|"gyomirtó"|"5 L"
"kwizda"|"CANTUS"|"gombaölő"|"0,050KG       FT/DB"
"kwizda"|"CHAMPION "|"gombaölő"|"10 KG"
"kwizda"|"CHAMPION WG"|"gombaölő"|"0,020 KG      FT/DB"
"kwizda"|"CHAMPION WG"|"gombaölő"|"0,200 KG     FT/DB"
"kwizda"|"CHAMPION WG"|"gombaölő"|"1 KG"
"kwizda"|"CHIKARA 25 WG"|"gyomirtó"|"200 GR      FT/DB"
"kwizda"|"COMMAND"|"gyomirtó"|"0,200 L      FT/DB"
"kwizda"|"COMMAND 48 EC"|"gyomirtó"|"1L"
"kwizda"|"COMPANION GOLD"|"segédanyag"|"5L"
"kwizda"|"CONIMA"|"csávázószer"|"5 L"
"kwizda"|"CONTANS"|"gombaölő"|"12 KG"
"kwizda"|"COPPER FIELD"|"gombaölő"|"10 L "
"kwizda"|"COPPER FIELD "|"gombaölő"|"0,200 L      FT/DB"
"kwizda"|"COPPER FIELD "|"gombaölő"|"1 L"
"kwizda"|"COSAVET"|"gombaölő"|"0,050 KG     FT/DB"
"kwizda"|"COSAVET"|"gombaölő"|"0,500 KG     FT/DB"
"kwizda"|"COSAVET DF EDGE"|"gombaölő"|"10 KG"
"kwizda"|"CUPROXAT FW"|"gombaölő"|"0,200 L      FT/DB"
"kwizda"|"CUPROXAT FW"|"gombaölő"|"1 L"
"kwizda"|"DESIGNER"|"segédanyag"|"1 L"
"kwizda"|"DESIGNER"|"segédanyag"|"0,100 L     FT/L"
"kwizda"|"DEVRINOL "|"gyomirtó"|"5L"
"kwizda"|"DEVRINOL "|"gyomirtó"|"20 L"
"kwizda"|"DEVRINOL "|"gyomirtó"|"0,200 L      FT/DB"
"kwizda"|"DEVRINOL "|"gyomirtó"|"1 L"
"kwizda"|"DIADEM Q"|"gombaölő"|"1 L"
"kwizda"|"DOMARK"|"gombaölő"|"1 L"
"kwizda"|"DOMARK"|"gombaölő"|"5 L"
"kwizda"|"DOMARK 10 EC"|"gombaölő"|"3 ml ampulla   FT/DB"
"kwizda"|"DOMARK 10 EC"|"gombaölő"|"0,200 L   FT/DB"
"kwizda"|"DOMINATOR ZÖLD"|"gyomirtó"|"20L"
"kwizda"|"DURSBAN 480 EC"|"rovarölő"|"5 L"
"kwizda"|"EMINENT"|"gombaölő"|"5 L"
"kwizda"|"ERAZMUS"|"gombaölő"|"5 L"
"kwizda"|"FEZAN PLUS"|"gombaölő"|"5 L"
"kwizda"|"FORESTER"|"vadriasztó"|"5 L"
"kwizda"|"FORESTER "|"vadriasztó"|"1 L"
"kwizda"|"FURY"|"rovarölő"|"1 L"
"kwizda"|"GAZELLE"|"rovarölő"|"1 KG"
"kwizda"|"GLIALKA EXPRESS 6 H"|"gyomirtó"|"1 L"
"kwizda"|"GLIALKA EXPRESS 6 H"|"gyomirtó"|"3 L"
"kwizda"|"GLIALKA STAR"|"gyomirtó"|"0,200 L      FT/DB"
"kwizda"|"GLIALKA STAR"|"gyomirtó"|"1 L"
"kwizda"|"GLIALKA STAR"|"gyomirtó"|"5 L"
"kwizda"|"GONDOR"|"segédanyag"|"1 L"
"kwizda"|"GREEN STAR"|"gombaölő"|"5 L"
"kwizda"|"GROUNDED"|"segédanyag"|"4 L"
"kwizda"|"HADDEN"|"gyomirtó"|"200GR       FT/DB"
"kwizda"|"HADDEN"|"gyomirtó"|"500GR    FT/DB"
"kwizda"|"IMIDAN 50 WP"|"rovarölő"|"1 KG"
"kwizda"|"INDOFIL M -45"|"gombaölő"|"10 KG"
"kwizda"|"ISKAY"|"segédanyag"|"5 L"
"kwizda"|"KORIT 420 FS"|"csávázószer"|"25 L"
"kwizda"|"KUPFER FUSILAN WG"|"gombaölő"|"10 KG"
"kwizda"|"KUPFER FUSILAN WG"|"gombaölő"|"30 GR     FT/DB"
"kwizda"|"KUPFER FUSILAN WG"|"gombaölő"|"0,100 KG     FT/DB"
"kwizda"|"KUPFER FUSILAN WG"|"gombaölő"|"1 KG"
"kwizda"|"LENTIPUR 500 SC"|"gyomirtó"|"10 L "
"kwizda"|"MANFIL 75 WG"|"gombaölő"|"10 KG"
"kwizda"|"MANFIL 75 WG"|"gombaölő"|"0,020 KG     FT/DB"
"kwizda"|"MANFIL 75 WG"|"gombaölő"|"0,200 KG    FT/DB"
"kwizda"|"METAREX INOV"|"csigaölő"|"5 KG"
"kwizda"|"METAREX INOV"|"csigaölő"|"0,050 KG      FT/DB"
"kwizda"|"METAREX INOV"|"csigaölő"|"0,250 KG      FT/DB"
"kwizda"|"MOXIMATE 725 WG"|"gombaölő"|"5 KG"
"kwizda"|"MYCOSTOP G"|"gombaölő"|"5 GR     FT/DB"
"kwizda"|"MYCOSTOP G"|"gombaölő"|"25 GR     FT/DB"
"kwizda"|"MYCOSTOP G"|"gombaölő"|"100 GR      FT/DB"
"kwizda"|"NEO-STOP L 500"|"csírázásgátló"|"5 L"
"kwizda"|"NEO-STOP POROZÓ"|"csírázásgátló"|"25 KG"
"kwizda"|"OCEAL"|"gyomirtó"|"5 KG"
"kwizda"|"PANTANI"|"gyomirtó"|"5 L"
"kwizda"|"PARDNER"|"gyomirtó"|"5 L"
"kwizda"|"PROPLANT"|"gombaölő"|"5 ml  ampulla   FT/DB"
"kwizda"|"PROPLANT"|"gombaölő"|"0,200 L   FT/DB"
"kwizda"|"PROPLANT"|"gombaölő"|"1 L"
"kwizda"|"RODEO TF"|"gyomirtó"|"20 L"
"kwizda"|"ROUNDUP BIOAKTÍV"|"gyomirtó"|"20 L"
"kwizda"|"ROUNDUP MEGA"|"gyomirtó"|"20 L"
"kwizda"|"ROUNDUP MEGA"|"gyomirtó"|"640 L"
"kwizda"|"ROXAM "|"gombaölő"|"5,4 KG"
"kwizda"|"SCUBA"|"segédanyag"|"1 L"
"kwizda"|"SELECT SUPER"|"gyomirtó"|"5 L"
"kwizda"|"SELECT SUPER"|"gyomirtó"|"0,200 L      FT/DB"
"kwizda"|"SELECT SUPER"|"gyomirtó"|"1 L"
"kwizda"|"SIDECAR F"|"gombaölő"|"5 KG"
"kwizda"|"SPOTLIGHT PLUS 6 ME"|"szőlő vadhajtás elleni"|"1 L"
"kwizda"|"SPOTLIGHT PLUS 6 ME"|"szőlő vadhajtás elleni"|"5 L"
"kwizda"|"SPRINGBOK"|"gyomirtó"|"5 L"
"kwizda"|"STOMP AQUA"|"gyomirtó"|"10 L "
"kwizda"|"STOMP SUPER"|"gyomirtó"|"0,250  L      FT/DB"
"kwizda"|"STOMP SUPER"|"gyomirtó"|"1 L"
"kwizda"|"STRIP -10"|"rovarölő"|"0,500 L      FT/DB"
"kwizda"|"SULGRAN DF PRO"|"gombaölő"|"10 KG"
"kwizda"|"TALENTUM"|"gombaölő"|"1 L"
"kwizda"|"TITANIUM"|"gombaölő"|"5 L"
"kwizda"|"U-46 M PLUS"|"gyomirtó"|"20 L"
"kwizda"|"UPL DIQUAT"|"gyomirtó"|"5 L"
"kwizda"|"VEGESOL R"|"gombaölő"|"5 L"
"kwizda"|"VEGESOL R"|"gombaölő"|"20 L "
"kwizda"|"VELOCITY"|"segédanyag"|"1 L"
"kwizda"|"VELOCITY"|"segédanyag"|"5 L"
"kwizda"|"VIVANDO"|"gombaölő"|"0,250L    FT/DB"
"kwizda"|"VIVVENDI"|"gyomirtó"|"5 L"
"nufarm"|"ADMIRAL"|"rovarölő"|"1 L"
"nufarm"|"AGILITY"|"gyomirtó"|"10 L"
"nufarm"|"AMEGA  UP"|"gyomirtó"|"5 L"
"nufarm"|"AMEGA  UP"|"gyomirtó"|"25L"
"nufarm"|"AMEGA  UP"|"gyomirtó"|"1000 L"
"nufarm"|"BACTOSPEINE"|"rovarölő"|"5 KG"
"nufarm"|"CHAMP DP"|"gombaölő"|"10 KG"
"nufarm"|"CUPROXAT FW"|"gombaölő"|"5 L"
"nufarm"|"CUPROXAT FW"|"gombaölő"|"20 L"
"nufarm"|"DEZORMON"|"gyomirtó"|"5 L"
"nufarm"|"DEZORMON"|"gyomirtó"|"1 L"
"nufarm"|"EMBLEM"|"gyomirtó"|"1 KG"
"nufarm"|"GIZMO"|"csávázószer"|"5 L"
"nufarm"|"GIZMO"|"csávázószer"|"1 L"
"nufarm"|"GRAMIN"|"gyomirtó"|"5 L"
"nufarm"|"KAISO "|"rovarölő"|"1KG"
"nufarm"|"KAISO PLUS"|"rovarölő"|"5KG  Kaiso + 20 L Cyren"
"nufarm"|"KIDEKA "|"gyomirtó"|"5L"
"nufarm"|"KIDEKA POWER  N"|"gyomirtó"|"5LZeagran+5LNarval+5LKideka"
"nufarm"|"KYLEO"|"gyomirtó"|"10 L"
"nufarm"|"MECOMORN 750 SL"|"gyomirtó"|"5 L"
"nufarm"|"MEXTROL B"|"gyomirtó"|"5 L"
"nufarm"|"MEZZO"|"gyomirtó"|"75 GR    FT/DB"
"nufarm"|"MOLTOVIN"|"gombaölő"|"5 L"
"nufarm"|"MYSTIC"|"gombaölő"|"5 L"
"nufarm"|"MYSTIC"|"gombaölő"|"1 L"
"nufarm"|"MYSTIC PRO"|"gombaölő"|"5 L"
"nufarm"|"NANDO"|"gombaölő"|"1 L"
"nufarm"|"NARVAL"|"gyomirtó"|"5 L"
"nufarm"|"NUPRID 600 FS Red"|"csávázószer"|"5 L"
"nufarm"|"NUPRID MAX"|"csávázószer"|"5 L"
"nufarm"|"NUPRID MAX"|"csávázószer"|"20 L"
"nufarm"|"OPTICA TRIO"|"gyomirtó"|"5 L"
"nufarm"|"PROLECTUS"|"gombaölő"|"0,250 KG    FT/DB"
"nufarm"|"PROLECTUS"|"gombaölő"|"1 KG"
"nufarm"|"SPODNAM"|"adalékanyag"|"5 L"
"nufarm"|"SPRAYGARD"|"segédanyag"|"5 L"
"nufarm"|"STABILAN"|"regulátor"|"10 L"
"nufarm"|"SUMI ALFA "|"rovarölő"|"5 L"
"nufarm"|"SUMI ALFA "|"rovarölő"|"1 L"
"nufarm"|"TAZER"|"gombaölő"|"1 L"
"nufarm"|"TAZER"|"gombaölő"|"5 L"
"nufarm"|"TIMPANI"|"gombaölő"|"5 L"
"nufarm"|"TROPOTOX"|"gyomirtó"|"5 L"
"nufarm"|"ZEAGRAN 340 SE"|"gyomirtó"|"5 L"
"nufarm"|"ZOOM"|"atkaölő"|"1 L"
"nufarm"|"ZOOM"|"atkaölő"|"0,250 L"
"sharda"|"ALLIGATOR"|"rovarölő"|"5 L"
"sharda"|"BENTA 480 SL"|"gyomirtó"|"5 L"
"sharda"|"COMRADE"|"gombaölő"|"5 L"
"sharda"|"DECA 2,5 EC"|"rovarölő"|"5 L"
"sharda"|"DECA 2,5 EC"|"rovarölő"|"1L"
"sharda"|"DESSICASH 20 SL"|"gyomirtó"|"5L"
"sharda"|"DICASH 480 SL"|"gyomirtó"|"5 L"
"sharda"|"DICASH 480 SL"|"gyomirtó"|"1 L"
"sharda"|"DIFENO 3 FS"|"csávázószer"|"20 L"
"sharda"|"DIFENO 3 FS"|"csávázószer"|"1 L"
"sharda"|"DIFO 25 EC"|"gombaölő"|"1 L"
"sharda"|"EFFECT"|"segédanyag"|"5 L"
"sharda"|"FINY"|"gyomirtó"|"0,100 KG     FT/DB"
"sharda"|"FOLLOW 80 WG"|"gombaölő"|"5 KG"
"sharda"|"KEYPRO"|"gombaölő"|"5L"
"sharda"|"KLOP 30 SL"|"gyomirtó"|"5L"
"sharda"|"MARSH    480 SL"|"gyomirtó"|"1000 L"
"sharda"|"MARSH    480 SL"|"gyomirtó"|"20 L"
"sharda"|"MARSH    480 SL"|"gyomirtó"|"5 L"
"sharda"|"MARSH    480 SL"|"gyomirtó"|"1 L"
"sharda"|"MEZZO"|"gyomirtó"|"0,075KG     FT/DB"
"sharda"|"MICRO SPECIAL"|"gombaölő"|"25 KG"
"sharda"|"MIDO 20 SL"|"rovarölő"|"1L"
"sharda"|"MISHA 20 EW"|"gombaölő"|"1L"
"sharda"|"NEXT "|"növekedésszabályozó"|"5L"
"sharda"|"NICOSH"|"gyomirtó"|"5L"
"sharda"|"NICOSH"|"gyomirtó"|"1L"
"sharda"|"PENDI 330 EC"|"gyomirtó"|"10 L"
"sharda"|"PENNCOZEB DG"|"gombaölő"|"10KG"
"sharda"|"POWERFULL"|"rovarölő"|"5L"
"sharda"|"POWERFULL"|"rovarölő"|"1L"
"sharda"|"PROCEED"|"gombaölő"|"5 L"
"sharda"|"PROPI 25 EC"|"gombaölő"|"5L"
"sharda"|"PROPI 25 EC"|"gombaölő"|"1L"
"sharda"|"QUICK 5 EC"|"gyomirtó"|"5L"
"sharda"|"QUICK 5 EC"|"gyomirtó"|"1L"
"sharda"|"SCAB 80 WDG"|"gombaölő"|"5KG"
"sharda"|"SHAMETRIN 70 WG"|"gyomirtó"|"1KG"
"sharda"|"SHARPEN   330"|"gyomirtó"|"10 L"
"sharda"|"SILICO"|"segédanyag"|"1L"
"sharda"|"SUCCESSOR T"|"gyomirtó"|"10L"
"sharda"|"TEBUSA 25 EW"|"gombaölő"|"5L"
"sharda"|"TEBUSA 25 EW"|"gombaölő"|"1L"
"sumi"|"BIOSILD TOP"|"csávázószer"|"1,10,600 L"
"sumi"|"BIOSILD TWIN"|"csávázószer"|"10 L+8L Lotus"
"sumi"|"CLICK COMBI"|"gyomirtó"|"5 L"
"sumi"|"CYFLAMID "|"gombaölő"|"1L"
"sumi"|"CYFLAMID "|"gombaölő"|"0,020L      FT/DB"
"sumi"|"CYFLAMID "|"gombaölő"|"0,100 L      FT/DB"
"sumi"|"DON -Q"|"gombaölő"|"5 L"
"sumi"|"DON-Q PLUSZ"|"gombaölő"|"10LDonQ+5L Fosfonin "
"sumi"|"ERCOLE"|"talajfertőtlenítő"|"10 KG"
"sumi"|"ERGON"|"gyomirtó"|"0,350 KG        FT/ DB"
"sumi"|"ERGON STAR"|"gyomirtó"|"10-11 HA"
"sumi"|"EXILIS"|"növekedésszabályozó"|"1 L"
"sumi"|"FLEXI"|"segédanyag"|"5 L"
"sumi"|"INAZUMA"|"rovarölő"|"1 KG"
"sumi"|"KABUKI"|"gyomirtó"|"1 L"
"sumi"|"LIETO"|"gombaölő"|"1 KG"
"sumi"|"LIETO"|"gombaölő"|"0,100 L      FT/DB"
"sumi"|"MINERVE 700 SG"|"gyomirtó"|"5 KG"
"sumi"|"MOSPILAN 20 SG"|"rovarölő"|"1 KG"
"sumi"|"MOSPILAN 20 SG"|"rovarölő"|"0,004KG     FT/DB"
"sumi"|"MOSPILAN 20 SG"|"rovarölő"|"0,050 KG    FT/DB"
"sumi"|"MOSPILAN 20 SG"|"rovarölő"|"0,200KG     FT/DB"
"sumi"|"NAGOMI"|"rovarölő"|"1 KG"
"sumi"|"NISSORUN 10 WP"|"atkaölő"|"5 KG"
"sumi"|"NISSORUN 10 WP"|"atkaölő"|"0,020KG    FT/DB"
"sumi"|"NISSORUN 10 WP"|"atkaölő"|"0,100KG    FT/DB"
"sumi"|"NISSORUN 10 WP"|"atkaölő"|"0,500KG      FT/DB"
"sumi"|"NOVAGIB"|"növekedésszabályozó"|"1 L"
"sumi"|"ORTUS 5 SC"|"atkaölő"|"5 L"
"sumi"|"ORTUS 5 SC"|"atkaölő"|"0,005L     FT/DB"
"sumi"|"ORTUS 5 SC"|"atkaölő"|"0,050L      FT/DB"
"sumi"|"ORTUS 5 SC"|"atkaölő"|"0,200 L    FT/DB"
"sumi"|"ORTUS 5 SC"|"atkaölő"|"0,500L      FT/DB"
"sumi"|"PLEDGE "|"gyomirtó"|"(5*80 gr)0,400 kg  FT/DB"
"sumi"|"PLEDGE "|"gyomirtó"|"(2*400GR)0,800 KG  FT/DB"
"sumi"|"SAVVY"|"gyomirtó"|"0,100 KG     FT/DB"
"sumi"|"SOLEIL"|"gombaölő"|"5 L"
"sumi"|"SPUR"|"segédanyag"|"1 L"
"sumi"|"TIURAM GRANUFLOW"|"gombaölő"|"20 KG"
"sumi"|"TIURAM GRANUFLOW"|"gombaölő"|"6 KG"
"sumi"|"TIURAM GRANUFLOW"|"gombaölő"|"0,500KG      FT/DB"
"sumi"|"TOLEDO"|"gombaölő"|"5 L"
"sumi"|"TOPSIN M 70 WDG"|"gombaölő"|"1 KG"
"sumi"|"TOPSIN M 70 WDG"|"gombaölő"|"5 KG"
"sumi"|"TOPSIN M 70 WDG"|"gombaölő"|"0,020KG    FT/DB"
"sumi"|"TOPSIN M 70 WDG"|"gombaölő"|"0,200KG     FT/DB"
"sumi"|"TRUSTEE HI -AKTIV"|"gyomirtó"|"5 L"
"sumi"|"TRUSTEE HI -AKTIV"|"gyomirtó"|"20 L"
"sumi"|"YAMATO"|"gombaölő"|"5 L"
"syngenta"|"ACTARA 240 SC"|"rovarölő"|"5 ML    FT/DB"
"syngenta"|"ACTARA 240 SC"|"rovarölő"|"50 ML   FT/DB"
"syngenta"|"ACTARA 240 SC"|"rovarölő"|"0,250L   FT/L"
"syngenta"|"ACTELLIC"|"rovarölő"|"5L"
"syngenta"|"AFFIRM"|"rovarölő"|"1 KG"
"syngenta"|"ALTIMA"|"gombaölő"|"1L"
"syngenta"|"AMISTAR"|"gombaölő"|"0,200 L    FT/L"
"syngenta"|"AMISTAR"|"gombaölő"|"1L"
"syngenta"|"AMISTAR"|"gombaölő"|"5L"
"syngenta"|"AMISTAR TOP"|"gombaölő"|"0,250L   FT/L"
"syngenta"|"AMISTAR TOP"|"gombaölő"|"1L"
"syngenta"|"AMISTAR XTRA"|"gombaölő"|"5L"
"syngenta"|"AMPLIGO "|"rovarölő"|"1L"
"syngenta"|"ARTEA"|"gombaölő"|"5L"
"syngenta"|"AXIAL ONE"|"gyomirtó"|"5L"
"syngenta"|"BANVEL 480"|"gyomirtó"|"1L"
"syngenta"|"BANVEL 480"|"gyomirtó"|"5 L"
"syngenta"|"BRAVO 500"|"gombaölő"|"1 L"
"syngenta"|"BRAVO 500"|"gombaölő"|"5 L"
"syngenta"|"CALARIS PRO + FIX PRO"|"gyomirtó"|"18,4 L + 1L   FT/L"
"syngenta"|"CALARIS PROFESSIONAL  CS"|"gyomirtó"|"18,4 L+Milagro 2 L"
"syngenta"|"CALLISTO"|"gyomirtó"|"1 L"
"syngenta"|"CASPER"|"gyomirtó"|"1 KG"
"syngenta"|"CHEROKEE"|"gombaölő"|"5 L"
"syngenta"|"CHESS 50WG"|"rovarölő"|"0,250 KG    FT/KG"
"syngenta"|"CHORUS 50 WG"|"gombaölő"|"0,200KG  FT/KG"
"syngenta"|"CHORUS 50 WG"|"gombaölő"|"1 KG"
"syngenta"|"CIDELY TOP"|"gombaölő"|"1 L"
"syngenta"|"DUAL GOLD 960"|"gyomirtó"|"1 L"
"syngenta"|"DUAL GOLD 960"|"gyomirtó"|"5 L"
"syngenta"|"DYNALI"|"gombaölő"|"1 L"
"syngenta"|"FIX-PRO "|"segédanyag"|"0,500 L    FT/L"
"syngenta"|"FORCE 1,5G "|"rovarölő"|"20 KG"
"syngenta"|"FORCE 1,5G "|"rovarölő"|"0,500 KG   FT/KG"
"syngenta"|"FUSILADE FORTE "|"gyomirtó"|"1 L"
"syngenta"|"FUSILADE FORTE "|"gyomirtó"|"5 L"
"syngenta"|"GARDOPRIM PLUS GOLD"|"gyomirtó"|"20 L"
"syngenta"|"INSEGAR "|"rovarölő"|"0,600KG      FT/KG"
"syngenta"|"JUDO"|"rovarölő"|"1 L"
"syngenta"|"JUDO"|"rovarölő"|"5 L"
"syngenta"|"KARATE ZEON "|"rovarölő"|"0,250 L      FT/L"
"syngenta"|"KARATE ZEON "|"rovarölő"|"1 L"
"syngenta"|"LISTEGO"|"gyomirtó"|"5 L"
"syngenta"|"LUMAX"|"gyomirtó"|"5 L"
"syngenta"|"LUZINDO "|"rovarölő"|"0,250 L      FT/L"
"syngenta"|"MEDALLON PRÉM"|"gyomirtó"|"1 L"
"syngenta"|"MEDALLON PRÉM"|"gyomirtó"|"5 L"
"syngenta"|"MEDALLON PRÉM"|"gyomirtó"|"640 L"
"syngenta"|"MODDUS EVO"|"regulátor"|"5 L"
"syngenta"|"NEMATHORIN "|"talajfertőtlenítő"|"4 KG"
"syngenta"|"NEORAM"|"gombaölő"|"5 KG"
"syngenta"|"PERGADO F"|"gombaölő"|"5 KG"
"syngenta"|"QUADRIS"|"gombaölő"|"0,200 L    FT/L"
"syngenta"|"QUADRIS"|"gombaölő"|"1 L"
"syngenta"|"QUADRIS MAX"|"gombaölő"|"1 L"
"syngenta"|"QUADRIS MAX"|"gombaölő"|"10 L"
"syngenta"|"QUILT XCEL"|"gombaölő"|"5 L"
"syngenta"|"REGLONE "|"gyomirtó"|"5 L"
"syngenta"|"RIDOMIL GOLD MZ"|"gombaölő"|"0,250KG   FT/KG"
"syngenta"|"RIDOMIL GOLD MZ"|"gombaölő"|"5 KG"
"syngenta"|"RIDOMIL GOLD PLUS"|"gombaölő"|"0,500 KG   FT/KG"
"syngenta"|"RIDOMIL GOLD PLUS"|"gombaölő"|"5 KG"
"syngenta"|"SCORE EC"|"gombaölő"|"5*5  ML    FT/doboz"
"syngenta"|"SCORE EC"|"gombaölő"|"0,100 L   FT/L"
"syngenta"|"SCORE EC"|"gombaölő"|"1 L"
"syngenta"|"SEGURIS XTRA"|"gombaölő"|"5 L"
"syngenta"|"SWITCH"|"gombaölő"|"0,100 KG     FT/KG"
"syngenta"|"SWITCH"|"gombaölő"|"1 KG"
"syngenta"|"THIOVIT JET"|"gombaölő"|"1 KG"
"syngenta"|"THIOVIT JET"|"gombaölő"|"20 KG"
"syngenta"|"TOPAS"|"gombaölő"|"5*5 ML     FT/DOBOZ"
"syngenta"|"TOPAS"|"gombaölő"|"0,100 L   FT/L"
"syngenta"|"TOPAS"|"gombaölő"|"1 L"
"syngenta"|"TOPREX"|"növekedésszabályozó; gombaölő"|"1 L"
"syngenta"|"VERTIMEC PRO"|"rovarölő"|"0,250 L      FT/L"
"syngenta"|"VERTIMEC PRO"|"rovarölő"|"1 L"
"syngenta"|"VOLIAM TARGO"|"rovarölő"|"1 L"
